{
  "eye": {
    "orientation": [
      -0.8891109824180603,
      0.15827563405036926,
      -0.18856464326381683,
      -0.3858417868614197
    ],
    "magnitude": 0.5773502588272095,
    "position": [
      64.02842712402344,
      -223.59458923339844,
      -189.4895477294922
    ]
  },
  "radius": 150,
  "type": "PERSPECTIVE"
}