{
  "eye": {
    "orientation": [
      -0.5235181450843811,
      0.1153532862663269,
      0.246689572930336,
      0.8073207139968872
    ],
    "magnitude": 0.5773502588272095,
    "position": [
      -21.44792938232422,
      270.645751953125,
      127.63604736328125
    ]
  },
  "radius": 150,
  "type": "PERSPECTIVE"
}