{
  "eye": {
    "orientation": [
      0,
      0,
      0,
      1
    ],
    "magnitude": 0.5773502588272095,
    "position": [
      31.948246002197266,
      11.866488456726074,
      300
    ]
  },
  "radius": 150,
  "type": "PERSPECTIVE"
}