{
  "eye": {
    "orientation": [
      0.23116914927959442,
      0.2893182039260864,
      -0.20873995125293732,
      0.9051428437232971
    ],
    "magnitude": 0.5773502588272095,
    "position": [
      143.67161560058594,
      -211.26535034179688,
      241.91888427734375
    ]
  },
  "radius": 150,
  "type": "PERSPECTIVE"
}